﻿<?xml version="1.0" encoding="utf-8"?>
<TextureAtlas imagePath="AlexNEW.png">
	<!-- Created with Adobe Animate version 21.0.3.38773 -->
	<!-- http://www.adobe.com/products/animate.html -->
	<SubTexture name="Alex Cheer0000" x="0" y="0" width="474" height="595" frameX="0" frameY="0" frameWidth="474" frameHeight="596"/>
	<SubTexture name="Alex Cheer0001" x="0" y="0" width="474" height="595" frameX="0" frameY="0" frameWidth="474" frameHeight="596"/>
	<SubTexture name="Alex Cheer0002" x="474" y="0" width="435" height="570" frameX="-29" frameY="-23" frameWidth="474" frameHeight="596"/>
	<SubTexture name="Alex Cheer0003" x="474" y="0" width="435" height="570" frameX="-29" frameY="-23" frameWidth="474" frameHeight="596"/>
	<SubTexture name="Alex Cheer0004" x="909" y="0" width="449" height="585" frameX="-20" frameY="-11" frameWidth="474" frameHeight="596"/>
	<SubTexture name="Alex Cheer0005" x="909" y="0" width="449" height="585" frameX="-20" frameY="-11" frameWidth="474" frameHeight="596"/>
	<SubTexture name="Alex Cheer0006" x="909" y="0" width="449" height="585" frameX="-20" frameY="-11" frameWidth="474" frameHeight="596"/>
	<SubTexture name="Alex Cheer0007" x="909" y="0" width="449" height="585" frameX="-20" frameY="-11" frameWidth="474" frameHeight="596"/>
	<SubTexture name="Alex Cheer0008" x="909" y="0" width="449" height="585" frameX="-20" frameY="-11" frameWidth="474" frameHeight="596"/>
	<SubTexture name="Alex Cheer0009" x="909" y="0" width="449" height="585" frameX="-20" frameY="-11" frameWidth="474" frameHeight="596"/>
	<SubTexture name="Alex Cheer0010" x="909" y="0" width="449" height="585" frameX="-20" frameY="-11" frameWidth="474" frameHeight="596"/>
	<SubTexture name="Alex Cheer0011" x="909" y="0" width="449" height="585" frameX="-20" frameY="-11" frameWidth="474" frameHeight="596"/>
	<SubTexture name="Alex Dodge0000" x="1125" y="2652" width="566" height="598" frameX="0" frameY="0" frameWidth="573" frameHeight="598"/>
	<SubTexture name="Alex Dodge0001" x="1691" y="2652" width="566" height="598" frameX="0" frameY="0" frameWidth="573" frameHeight="598"/>
	<SubTexture name="Alex Dodge0002" x="2257" y="2652" width="572" height="594" frameX="-1" frameY="-4" frameWidth="573" frameHeight="598"/>
	<SubTexture name="Alex Dodge0003" x="2257" y="2652" width="572" height="594" frameX="-1" frameY="-4" frameWidth="573" frameHeight="598"/>
	<SubTexture name="Alex Dodge0004" x="2257" y="2652" width="572" height="594" frameX="-1" frameY="-4" frameWidth="573" frameHeight="598"/>
	<SubTexture name="Alex Dodge0005" x="2257" y="2652" width="572" height="594" frameX="-1" frameY="-4" frameWidth="573" frameHeight="598"/>
	<SubTexture name="Alex Dodge0006" x="2257" y="2652" width="572" height="594" frameX="-1" frameY="-4" frameWidth="573" frameHeight="598"/>
	<SubTexture name="Alex Dodge0007" x="2257" y="2652" width="572" height="594" frameX="-1" frameY="-4" frameWidth="573" frameHeight="598"/>
	<SubTexture name="Alex Dodge0008" x="2257" y="2652" width="572" height="594" frameX="-1" frameY="-4" frameWidth="573" frameHeight="598"/>
	<SubTexture name="Alex Dodge0009" x="2257" y="2652" width="572" height="594" frameX="-1" frameY="-4" frameWidth="573" frameHeight="598"/>
	<SubTexture name="Alex Dodge0010" x="2257" y="2652" width="572" height="594" frameX="-1" frameY="-4" frameWidth="573" frameHeight="598"/>
	<SubTexture name="Alex Dodge0011" x="2257" y="2652" width="572" height="594" frameX="-1" frameY="-4" frameWidth="573" frameHeight="598"/>
	<SubTexture name="Alex Dodge0012" x="2257" y="2652" width="572" height="594" frameX="-1" frameY="-4" frameWidth="573" frameHeight="598"/>
	<SubTexture name="Alex Dodge0013" x="2257" y="2652" width="572" height="594" frameX="-1" frameY="-4" frameWidth="573" frameHeight="598"/>
	<SubTexture name="Alex Dodge0014" x="2257" y="2652" width="572" height="594" frameX="-1" frameY="-4" frameWidth="573" frameHeight="598"/>
	<SubTexture name="Alex Down0000" x="1358" y="0" width="519" height="441" frameX="0" frameY="-10" frameWidth="533" frameHeight="451"/>
	<SubTexture name="Alex Down0001" x="1358" y="0" width="519" height="441" frameX="0" frameY="-10" frameWidth="533" frameHeight="451"/>
	<SubTexture name="Alex Down0002" x="1877" y="0" width="518" height="451" frameX="-15" frameY="0" frameWidth="533" frameHeight="451"/>
	<SubTexture name="Alex Down0003" x="1877" y="0" width="518" height="451" frameX="-15" frameY="0" frameWidth="533" frameHeight="451"/>
	<SubTexture name="Alex Down0004" x="1877" y="0" width="518" height="451" frameX="-15" frameY="0" frameWidth="533" frameHeight="451"/>
	<SubTexture name="Alex Down0005" x="1877" y="0" width="518" height="451" frameX="-15" frameY="0" frameWidth="533" frameHeight="451"/>
	<SubTexture name="Alex Down0006" x="1877" y="0" width="518" height="451" frameX="-15" frameY="0" frameWidth="533" frameHeight="451"/>
	<SubTexture name="Alex Down0007" x="1877" y="0" width="518" height="451" frameX="-15" frameY="0" frameWidth="533" frameHeight="451"/>
	<SubTexture name="Alex Down0008" x="1877" y="0" width="518" height="451" frameX="-15" frameY="0" frameWidth="533" frameHeight="451"/>
	<SubTexture name="Alex Down0009" x="1877" y="0" width="518" height="451" frameX="-15" frameY="0" frameWidth="533" frameHeight="451"/>
	<SubTexture name="Alex Down0010" x="1877" y="0" width="518" height="451" frameX="-15" frameY="0" frameWidth="533" frameHeight="451"/>
	<SubTexture name="Alex Down0011" x="1877" y="0" width="518" height="451" frameX="-15" frameY="0" frameWidth="533" frameHeight="451"/>
	<SubTexture name="Alex Down0012" x="1877" y="0" width="518" height="451" frameX="-15" frameY="0" frameWidth="533" frameHeight="451"/>
	<SubTexture name="Alex Down0013" x="1877" y="0" width="518" height="451" frameX="-15" frameY="0" frameWidth="533" frameHeight="451"/>
	<SubTexture name="Alex Down0014" x="1877" y="0" width="518" height="451" frameX="-15" frameY="0" frameWidth="533" frameHeight="451"/>
	<SubTexture name="Alex Down Miss0000" x="2395" y="0" width="519" height="441" frameX="-5" frameY="-40" frameWidth="530" frameHeight="481"/>
	<SubTexture name="Alex Down Miss0001" x="2914" y="0" width="518" height="481" frameX="-6" frameY="0" frameWidth="530" frameHeight="481"/>
	<SubTexture name="Alex Down Miss0002" x="2914" y="0" width="518" height="481" frameX="-6" frameY="0" frameWidth="530" frameHeight="481"/>
	<SubTexture name="Alex Down Miss0003" x="3432" y="0" width="530" height="472" frameX="0" frameY="-9" frameWidth="530" frameHeight="481"/>
	<SubTexture name="Alex Down Miss0004" x="3432" y="0" width="530" height="472" frameX="0" frameY="-9" frameWidth="530" frameHeight="481"/>
	<SubTexture name="Alex Down Miss0005" x="0" y="595" width="530" height="472" frameX="0" frameY="-9" frameWidth="530" frameHeight="481"/>
	<SubTexture name="Alex Down Miss0006" x="0" y="595" width="530" height="472" frameX="0" frameY="-9" frameWidth="530" frameHeight="481"/>
	<SubTexture name="Alex Down Miss0007" x="3432" y="0" width="530" height="472" frameX="0" frameY="-9" frameWidth="530" frameHeight="481"/>
	<SubTexture name="Alex Down Miss0008" x="3432" y="0" width="530" height="472" frameX="0" frameY="-9" frameWidth="530" frameHeight="481"/>
	<SubTexture name="Alex Down Miss0009" x="0" y="595" width="530" height="472" frameX="0" frameY="-9" frameWidth="530" frameHeight="481"/>
	<SubTexture name="Alex Down Miss0010" x="0" y="595" width="530" height="472" frameX="0" frameY="-9" frameWidth="530" frameHeight="481"/>
	<SubTexture name="Alex Down Miss0011" x="3432" y="0" width="530" height="472" frameX="0" frameY="-9" frameWidth="530" frameHeight="481"/>
	<SubTexture name="Alex Down Miss0012" x="3432" y="0" width="530" height="472" frameX="0" frameY="-9" frameWidth="530" frameHeight="481"/>
	<SubTexture name="Alex Down Miss0013" x="0" y="595" width="530" height="472" frameX="0" frameY="-9" frameWidth="530" frameHeight="481"/>
	<SubTexture name="Alex Down Miss0014" x="0" y="595" width="530" height="472" frameX="0" frameY="-9" frameWidth="530" frameHeight="481"/>
	<SubTexture name="Alex Down Miss0015" x="3432" y="0" width="530" height="472" frameX="0" frameY="-9" frameWidth="530" frameHeight="481"/>
	<SubTexture name="Alex Down Miss0016" x="3432" y="0" width="530" height="472" frameX="0" frameY="-9" frameWidth="530" frameHeight="481"/>
	<SubTexture name="Alex Down Miss0017" x="0" y="595" width="530" height="472" frameX="0" frameY="-9" frameWidth="530" frameHeight="481"/>
	<SubTexture name="Alex Down Miss0018" x="0" y="595" width="530" height="472" frameX="0" frameY="-9" frameWidth="530" frameHeight="481"/>
	<SubTexture name="Alex Down Miss0019" x="3432" y="0" width="530" height="472" frameX="0" frameY="-9" frameWidth="530" frameHeight="481"/>
	<SubTexture name="Alex Down Miss0020" x="3432" y="0" width="530" height="472" frameX="0" frameY="-9" frameWidth="530" frameHeight="481"/>
	<SubTexture name="Alex Down Miss0021" x="0" y="595" width="530" height="472" frameX="0" frameY="-9" frameWidth="530" frameHeight="481"/>
	<SubTexture name="Alex Down Miss0022" x="0" y="595" width="530" height="472" frameX="0" frameY="-9" frameWidth="530" frameHeight="481"/>
	<SubTexture name="Alex Down Miss0023" x="3432" y="0" width="530" height="472" frameX="0" frameY="-9" frameWidth="530" frameHeight="481"/>
	<SubTexture name="Alex Down Miss0024" x="3432" y="0" width="530" height="472" frameX="0" frameY="-9" frameWidth="530" frameHeight="481"/>
	<SubTexture name="Alex Down Miss0025" x="0" y="595" width="530" height="472" frameX="0" frameY="-9" frameWidth="530" frameHeight="481"/>
	<SubTexture name="Alex Down Miss0026" x="0" y="595" width="530" height="472" frameX="0" frameY="-9" frameWidth="530" frameHeight="481"/>
	<SubTexture name="Alex Down Miss0027" x="3432" y="0" width="530" height="472" frameX="0" frameY="-9" frameWidth="530" frameHeight="481"/>
	<SubTexture name="Alex Down Miss0028" x="3432" y="0" width="530" height="472" frameX="0" frameY="-9" frameWidth="530" frameHeight="481"/>
	<SubTexture name="Alex Down Miss0029" x="0" y="595" width="530" height="472" frameX="0" frameY="-9" frameWidth="530" frameHeight="481"/>
	<SubTexture name="Alex Down Miss0030" x="0" y="595" width="530" height="472" frameX="0" frameY="-9" frameWidth="530" frameHeight="481"/>
	<SubTexture name="Alex Down Miss0031" x="3432" y="0" width="530" height="472" frameX="0" frameY="-9" frameWidth="530" frameHeight="481"/>
	<SubTexture name="Alex Down Miss0032" x="3432" y="0" width="530" height="472" frameX="0" frameY="-9" frameWidth="530" frameHeight="481"/>
	<SubTexture name="Alex Down Miss0033" x="0" y="595" width="530" height="472" frameX="0" frameY="-9" frameWidth="530" frameHeight="481"/>
	<SubTexture name="Alex Down Miss0034" x="0" y="595" width="530" height="472" frameX="0" frameY="-9" frameWidth="530" frameHeight="481"/>
	<SubTexture name="Alex Hey0000" x="530" y="595" width="493" height="731" frameX="-4" frameY="0" frameWidth="497" frameHeight="731"/>
	<SubTexture name="Alex Hey0001" x="530" y="595" width="493" height="731" frameX="-4" frameY="0" frameWidth="497" frameHeight="731"/>
	<SubTexture name="Alex Hey0002" x="1023" y="595" width="477" height="707" frameX="0" frameY="-24" frameWidth="497" frameHeight="731"/>
	<SubTexture name="Alex Hey0003" x="1023" y="595" width="477" height="707" frameX="0" frameY="-24" frameWidth="497" frameHeight="731"/>
	<SubTexture name="Alex Hey0004" x="1500" y="595" width="483" height="715" frameX="0" frameY="-16" frameWidth="497" frameHeight="731"/>
	<SubTexture name="Alex Hey0005" x="1500" y="595" width="483" height="715" frameX="0" frameY="-16" frameWidth="497" frameHeight="731"/>
	<SubTexture name="Alex Hey0006" x="1500" y="595" width="483" height="715" frameX="0" frameY="-16" frameWidth="497" frameHeight="731"/>
	<SubTexture name="Alex Hey0007" x="1500" y="595" width="483" height="715" frameX="0" frameY="-16" frameWidth="497" frameHeight="731"/>
	<SubTexture name="Alex Hey0008" x="1500" y="595" width="483" height="715" frameX="0" frameY="-16" frameWidth="497" frameHeight="731"/>
	<SubTexture name="Alex Hey0009" x="1500" y="595" width="483" height="715" frameX="0" frameY="-16" frameWidth="497" frameHeight="731"/>
	<SubTexture name="Alex Hey0010" x="1500" y="595" width="483" height="715" frameX="0" frameY="-16" frameWidth="497" frameHeight="731"/>
	<SubTexture name="Alex Hey0011" x="1500" y="595" width="483" height="715" frameX="0" frameY="-16" frameWidth="497" frameHeight="731"/>
	<SubTexture name="Alex Hey0012" x="1500" y="595" width="483" height="715" frameX="0" frameY="-16" frameWidth="497" frameHeight="731"/>
	<SubTexture name="Alex Hey0013" x="1500" y="595" width="483" height="715" frameX="0" frameY="-16" frameWidth="497" frameHeight="731"/>
	<SubTexture name="Alex Hey0014" x="1500" y="595" width="483" height="715" frameX="0" frameY="-16" frameWidth="497" frameHeight="731"/>
	<SubTexture name="Alex Hey0015" x="1500" y="595" width="483" height="715" frameX="0" frameY="-16" frameWidth="497" frameHeight="731"/>
	<SubTexture name="Alex Hey0016" x="1500" y="595" width="483" height="715" frameX="0" frameY="-16" frameWidth="497" frameHeight="731"/>
	<SubTexture name="Alex Hey0017" x="1500" y="595" width="483" height="715" frameX="0" frameY="-16" frameWidth="497" frameHeight="731"/>
	<SubTexture name="Alex Hey0018" x="1500" y="595" width="483" height="715" frameX="0" frameY="-16" frameWidth="497" frameHeight="731"/>
	<SubTexture name="Alex Hey0019" x="1500" y="595" width="483" height="715" frameX="0" frameY="-16" frameWidth="497" frameHeight="731"/>
	<SubTexture name="Alex Hey0020" x="1500" y="595" width="483" height="715" frameX="0" frameY="-16" frameWidth="497" frameHeight="731"/>
	<SubTexture name="Alex Hey0021" x="1500" y="595" width="483" height="715" frameX="0" frameY="-16" frameWidth="497" frameHeight="731"/>
	<SubTexture name="Alex Hey0022" x="1500" y="595" width="483" height="715" frameX="0" frameY="-16" frameWidth="497" frameHeight="731"/>
	<SubTexture name="Alex Hey0023" x="1500" y="595" width="483" height="715" frameX="0" frameY="-16" frameWidth="497" frameHeight="731"/>
	<SubTexture name="Alex Hey0024" x="1500" y="595" width="483" height="715" frameX="0" frameY="-16" frameWidth="497" frameHeight="731"/>
	<SubTexture name="Alex Hey0025" x="1500" y="595" width="483" height="715" frameX="0" frameY="-16" frameWidth="497" frameHeight="731"/>
	<SubTexture name="Alex Hurt0000" x="2829" y="2652" width="338" height="355" frameX="0" frameY="-180" frameWidth="400" frameHeight="589"/>
	<SubTexture name="Alex Hurt0001" x="3167" y="2652" width="354" height="394" frameX="-14" frameY="-144" frameWidth="400" frameHeight="589"/>
	<SubTexture name="Alex Hurt0002" x="3521" y="2652" width="371" height="589" frameX="-21" frameY="0" frameWidth="400" frameHeight="589"/>
	<SubTexture name="Alex Hurt0003" x="0" y="3250" width="371" height="589" frameX="-21" frameY="0" frameWidth="400" frameHeight="589"/>
	<SubTexture name="Alex Hurt0004" x="371" y="3250" width="380" height="589" frameX="-19" frameY="0" frameWidth="400" frameHeight="589"/>
	<SubTexture name="Alex Hurt0005" x="751" y="3250" width="380" height="589" frameX="-19" frameY="0" frameWidth="400" frameHeight="589"/>
	<SubTexture name="Alex Hurt0006" x="1131" y="3250" width="386" height="583" frameX="-14" frameY="-6" frameWidth="400" frameHeight="589"/>
	<SubTexture name="Alex Hurt0007" x="1517" y="3250" width="386" height="583" frameX="-14" frameY="-6" frameWidth="400" frameHeight="589"/>
	<SubTexture name="Alex Hurt0008" x="1131" y="3250" width="386" height="583" frameX="-14" frameY="-6" frameWidth="400" frameHeight="589"/>
	<SubTexture name="Alex Hurt0009" x="1517" y="3250" width="386" height="583" frameX="-14" frameY="-6" frameWidth="400" frameHeight="589"/>
	<SubTexture name="Alex Hurt0010" x="1131" y="3250" width="386" height="583" frameX="-14" frameY="-6" frameWidth="400" frameHeight="589"/>
	<SubTexture name="Alex Hurt0011" x="1517" y="3250" width="386" height="583" frameX="-14" frameY="-6" frameWidth="400" frameHeight="589"/>
	<SubTexture name="Alex Hurt0012" x="1131" y="3250" width="386" height="583" frameX="-14" frameY="-6" frameWidth="400" frameHeight="589"/>
	<SubTexture name="Alex Hurt0013" x="1517" y="3250" width="386" height="583" frameX="-14" frameY="-6" frameWidth="400" frameHeight="589"/>
	<SubTexture name="Alex Hurt0014" x="1131" y="3250" width="386" height="583" frameX="-14" frameY="-6" frameWidth="400" frameHeight="589"/>
	<SubTexture name="Alex Hurt0015" x="1517" y="3250" width="386" height="583" frameX="-14" frameY="-6" frameWidth="400" frameHeight="589"/>
	<SubTexture name="Alex Hurt0016" x="1131" y="3250" width="386" height="583" frameX="-14" frameY="-6" frameWidth="400" frameHeight="589"/>
	<SubTexture name="Alex Hurt0017" x="1517" y="3250" width="386" height="583" frameX="-14" frameY="-6" frameWidth="400" frameHeight="589"/>
	<SubTexture name="Alex Hurt0018" x="1131" y="3250" width="386" height="583" frameX="-14" frameY="-6" frameWidth="400" frameHeight="589"/>
	<SubTexture name="Alex Idle0000" x="1983" y="595" width="281" height="635" frameX="0" frameY="0" frameWidth="293" frameHeight="636"/>
	<SubTexture name="Alex Idle0001" x="1983" y="595" width="281" height="635" frameX="0" frameY="0" frameWidth="293" frameHeight="636"/>
	<SubTexture name="Alex Idle0002" x="2264" y="595" width="282" height="635" frameX="-3" frameY="0" frameWidth="293" frameHeight="636"/>
	<SubTexture name="Alex Idle0003" x="2264" y="595" width="282" height="635" frameX="-3" frameY="0" frameWidth="293" frameHeight="636"/>
	<SubTexture name="Alex Idle0004" x="2546" y="595" width="276" height="636" frameX="-14" frameY="0" frameWidth="293" frameHeight="636"/>
	<SubTexture name="Alex Idle0005" x="2546" y="595" width="276" height="636" frameX="-14" frameY="0" frameWidth="293" frameHeight="636"/>
	<SubTexture name="Alex Idle0006" x="2822" y="595" width="278" height="636" frameX="-15" frameY="0" frameWidth="293" frameHeight="636"/>
	<SubTexture name="Alex Idle0007" x="2822" y="595" width="278" height="636" frameX="-15" frameY="0" frameWidth="293" frameHeight="636"/>
	<SubTexture name="Alex Idle0008" x="3100" y="595" width="277" height="636" frameX="-16" frameY="0" frameWidth="293" frameHeight="636"/>
	<SubTexture name="Alex Idle0009" x="3100" y="595" width="277" height="636" frameX="-16" frameY="0" frameWidth="293" frameHeight="636"/>
	<SubTexture name="Alex Idle0010" x="3100" y="595" width="277" height="636" frameX="-16" frameY="0" frameWidth="293" frameHeight="636"/>
	<SubTexture name="Alex Idle0011" x="3100" y="595" width="277" height="636" frameX="-16" frameY="0" frameWidth="293" frameHeight="636"/>
	<SubTexture name="Alex Idle0012" x="3100" y="595" width="277" height="636" frameX="-16" frameY="0" frameWidth="293" frameHeight="636"/>
	<SubTexture name="Alex Idle0013" x="3100" y="595" width="277" height="636" frameX="-16" frameY="0" frameWidth="293" frameHeight="636"/>
	<SubTexture name="Alex Idle0014" x="3100" y="595" width="277" height="636" frameX="-16" frameY="0" frameWidth="293" frameHeight="636"/>
	<SubTexture name="Alex Left0000" x="3377" y="595" width="424" height="590" frameX="0" frameY="-3" frameWidth="424" frameHeight="593"/>
	<SubTexture name="Alex Left0001" x="3377" y="595" width="424" height="590" frameX="0" frameY="-3" frameWidth="424" frameHeight="593"/>
	<SubTexture name="Alex Left0002" x="0" y="1326" width="411" height="593" frameX="0" frameY="0" frameWidth="424" frameHeight="593"/>
	<SubTexture name="Alex Left0003" x="0" y="1326" width="411" height="593" frameX="0" frameY="0" frameWidth="424" frameHeight="593"/>
	<SubTexture name="Alex Left0004" x="0" y="1326" width="411" height="593" frameX="0" frameY="0" frameWidth="424" frameHeight="593"/>
	<SubTexture name="Alex Left0005" x="0" y="1326" width="411" height="593" frameX="0" frameY="0" frameWidth="424" frameHeight="593"/>
	<SubTexture name="Alex Left0006" x="0" y="1326" width="411" height="593" frameX="0" frameY="0" frameWidth="424" frameHeight="593"/>
	<SubTexture name="Alex Left0007" x="0" y="1326" width="411" height="593" frameX="0" frameY="0" frameWidth="424" frameHeight="593"/>
	<SubTexture name="Alex Left0008" x="0" y="1326" width="411" height="593" frameX="0" frameY="0" frameWidth="424" frameHeight="593"/>
	<SubTexture name="Alex Left0009" x="0" y="1326" width="411" height="593" frameX="0" frameY="0" frameWidth="424" frameHeight="593"/>
	<SubTexture name="Alex Left0010" x="0" y="1326" width="411" height="593" frameX="0" frameY="0" frameWidth="424" frameHeight="593"/>
	<SubTexture name="Alex Left0011" x="0" y="1326" width="411" height="593" frameX="0" frameY="0" frameWidth="424" frameHeight="593"/>
	<SubTexture name="Alex Left0012" x="0" y="1326" width="411" height="593" frameX="0" frameY="0" frameWidth="424" frameHeight="593"/>
	<SubTexture name="Alex Left0013" x="0" y="1326" width="411" height="593" frameX="0" frameY="0" frameWidth="424" frameHeight="593"/>
	<SubTexture name="Alex Left0014" x="0" y="1326" width="411" height="593" frameX="0" frameY="0" frameWidth="424" frameHeight="593"/>
	<SubTexture name="Alex Left0015" x="0" y="1326" width="411" height="593" frameX="0" frameY="0" frameWidth="424" frameHeight="593"/>
	<SubTexture name="Alex Left Miss0000" x="411" y="1326" width="424" height="589" frameX="0" frameY="-49" frameWidth="424" frameHeight="638"/>
	<SubTexture name="Alex Left Miss0001" x="835" y="1326" width="413" height="635" frameX="0" frameY="-1" frameWidth="424" frameHeight="638"/>
	<SubTexture name="Alex Left Miss0002" x="835" y="1326" width="413" height="635" frameX="0" frameY="-1" frameWidth="424" frameHeight="638"/>
	<SubTexture name="Alex Left Miss0003" x="1248" y="1326" width="420" height="635" frameX="0" frameY="0" frameWidth="424" frameHeight="638"/>
	<SubTexture name="Alex Left Miss0004" x="1248" y="1326" width="420" height="635" frameX="0" frameY="0" frameWidth="424" frameHeight="638"/>
	<SubTexture name="Alex Left Miss0005" x="1668" y="1326" width="420" height="635" frameX="0" frameY="0" frameWidth="424" frameHeight="638"/>
	<SubTexture name="Alex Left Miss0006" x="1668" y="1326" width="420" height="635" frameX="0" frameY="0" frameWidth="424" frameHeight="638"/>
	<SubTexture name="Alex Left Miss0007" x="1248" y="1326" width="420" height="635" frameX="0" frameY="0" frameWidth="424" frameHeight="638"/>
	<SubTexture name="Alex Left Miss0008" x="1248" y="1326" width="420" height="635" frameX="0" frameY="0" frameWidth="424" frameHeight="638"/>
	<SubTexture name="Alex Left Miss0009" x="1668" y="1326" width="420" height="635" frameX="0" frameY="0" frameWidth="424" frameHeight="638"/>
	<SubTexture name="Alex Left Miss0010" x="1668" y="1326" width="420" height="635" frameX="0" frameY="0" frameWidth="424" frameHeight="638"/>
	<SubTexture name="Alex Left Miss0011" x="1248" y="1326" width="420" height="635" frameX="0" frameY="0" frameWidth="424" frameHeight="638"/>
	<SubTexture name="Alex Left Miss0012" x="1248" y="1326" width="420" height="635" frameX="0" frameY="0" frameWidth="424" frameHeight="638"/>
	<SubTexture name="Alex Left Miss0013" x="1668" y="1326" width="420" height="635" frameX="0" frameY="0" frameWidth="424" frameHeight="638"/>
	<SubTexture name="Alex Left Miss0014" x="1668" y="1326" width="420" height="635" frameX="0" frameY="0" frameWidth="424" frameHeight="638"/>
	<SubTexture name="Alex Left Miss0015" x="1248" y="1326" width="420" height="635" frameX="0" frameY="0" frameWidth="424" frameHeight="638"/>
	<SubTexture name="Alex Left Miss0016" x="1248" y="1326" width="420" height="635" frameX="0" frameY="0" frameWidth="424" frameHeight="638"/>
	<SubTexture name="Alex Left Miss0017" x="1668" y="1326" width="420" height="635" frameX="0" frameY="0" frameWidth="424" frameHeight="638"/>
	<SubTexture name="Alex Left Miss0018" x="1668" y="1326" width="420" height="635" frameX="0" frameY="0" frameWidth="424" frameHeight="638"/>
	<SubTexture name="Alex Left Miss0019" x="1248" y="1326" width="420" height="635" frameX="0" frameY="0" frameWidth="424" frameHeight="638"/>
	<SubTexture name="Alex Left Miss0020" x="1248" y="1326" width="420" height="635" frameX="0" frameY="0" frameWidth="424" frameHeight="638"/>
	<SubTexture name="Alex Left Miss0021" x="1668" y="1326" width="420" height="635" frameX="0" frameY="0" frameWidth="424" frameHeight="638"/>
	<SubTexture name="Alex Left Miss0022" x="1668" y="1326" width="420" height="635" frameX="0" frameY="0" frameWidth="424" frameHeight="638"/>
	<SubTexture name="Alex Left Miss0023" x="1248" y="1326" width="420" height="635" frameX="0" frameY="0" frameWidth="424" frameHeight="638"/>
	<SubTexture name="Alex Left Miss0024" x="1248" y="1326" width="420" height="635" frameX="0" frameY="0" frameWidth="424" frameHeight="638"/>
	<SubTexture name="Alex Left Miss0025" x="1668" y="1326" width="420" height="635" frameX="0" frameY="0" frameWidth="424" frameHeight="638"/>
	<SubTexture name="Alex Left Miss0026" x="1668" y="1326" width="420" height="635" frameX="0" frameY="0" frameWidth="424" frameHeight="638"/>
	<SubTexture name="Alex Left Miss0027" x="1248" y="1326" width="420" height="635" frameX="0" frameY="0" frameWidth="424" frameHeight="638"/>
	<SubTexture name="Alex Left Miss0028" x="1248" y="1326" width="420" height="635" frameX="0" frameY="0" frameWidth="424" frameHeight="638"/>
	<SubTexture name="Alex Left Miss0029" x="1668" y="1326" width="420" height="635" frameX="0" frameY="0" frameWidth="424" frameHeight="638"/>
	<SubTexture name="Alex Left Miss0030" x="1668" y="1326" width="420" height="635" frameX="0" frameY="0" frameWidth="424" frameHeight="638"/>
	<SubTexture name="Alex Left Miss0031" x="1248" y="1326" width="420" height="635" frameX="0" frameY="0" frameWidth="424" frameHeight="638"/>
	<SubTexture name="Alex Left Miss0032" x="1248" y="1326" width="420" height="635" frameX="0" frameY="0" frameWidth="424" frameHeight="638"/>
	<SubTexture name="Alex Left Miss0033" x="1668" y="1326" width="420" height="635" frameX="0" frameY="0" frameWidth="424" frameHeight="638"/>
	<SubTexture name="Alex Left Miss0034" x="1668" y="1326" width="420" height="635" frameX="0" frameY="0" frameWidth="424" frameHeight="638"/>
	<SubTexture name="Alex Right0000" x="2088" y="1326" width="548" height="484"/>
	<SubTexture name="Alex Right0001" x="2088" y="1326" width="548" height="484"/>
	<SubTexture name="Alex Right0002" x="2636" y="1326" width="514" height="483" frameX="-34" frameY="-1" frameWidth="548" frameHeight="484"/>
	<SubTexture name="Alex Right0003" x="2636" y="1326" width="514" height="483" frameX="-34" frameY="-1" frameWidth="548" frameHeight="484"/>
	<SubTexture name="Alex Right0004" x="2636" y="1326" width="514" height="483" frameX="-34" frameY="-1" frameWidth="548" frameHeight="484"/>
	<SubTexture name="Alex Right0005" x="2636" y="1326" width="514" height="483" frameX="-34" frameY="-1" frameWidth="548" frameHeight="484"/>
	<SubTexture name="Alex Right0006" x="2636" y="1326" width="514" height="483" frameX="-34" frameY="-1" frameWidth="548" frameHeight="484"/>
	<SubTexture name="Alex Right0007" x="2636" y="1326" width="514" height="483" frameX="-34" frameY="-1" frameWidth="548" frameHeight="484"/>
	<SubTexture name="Alex Right0008" x="2636" y="1326" width="514" height="483" frameX="-34" frameY="-1" frameWidth="548" frameHeight="484"/>
	<SubTexture name="Alex Right0009" x="2636" y="1326" width="514" height="483" frameX="-34" frameY="-1" frameWidth="548" frameHeight="484"/>
	<SubTexture name="Alex Right0010" x="2636" y="1326" width="514" height="483" frameX="-34" frameY="-1" frameWidth="548" frameHeight="484"/>
	<SubTexture name="Alex Right0011" x="2636" y="1326" width="514" height="483" frameX="-34" frameY="-1" frameWidth="548" frameHeight="484"/>
	<SubTexture name="Alex Right0012" x="2636" y="1326" width="514" height="483" frameX="-34" frameY="-1" frameWidth="548" frameHeight="484"/>
	<SubTexture name="Alex Right0013" x="2636" y="1326" width="514" height="483" frameX="-34" frameY="-1" frameWidth="548" frameHeight="484"/>
	<SubTexture name="Alex Right0014" x="2636" y="1326" width="514" height="483" frameX="-34" frameY="-1" frameWidth="548" frameHeight="484"/>
	<SubTexture name="Alex Right0015" x="2636" y="1326" width="514" height="483" frameX="-34" frameY="-1" frameWidth="548" frameHeight="484"/>
	<SubTexture name="Alex Right Miss0000" x="3150" y="1326" width="548" height="484" frameX="0" frameY="-40" frameWidth="550" frameHeight="524"/>
	<SubTexture name="Alex Right Miss0001" x="0" y="1961" width="543" height="524" frameX="-7" frameY="0" frameWidth="550" frameHeight="524"/>
	<SubTexture name="Alex Right Miss0002" x="0" y="1961" width="543" height="524" frameX="-7" frameY="0" frameWidth="550" frameHeight="524"/>
	<SubTexture name="Alex Right Miss0003" x="543" y="1961" width="546" height="524" frameX="-3" frameY="0" frameWidth="550" frameHeight="524"/>
	<SubTexture name="Alex Right Miss0004" x="543" y="1961" width="546" height="524" frameX="-3" frameY="0" frameWidth="550" frameHeight="524"/>
	<SubTexture name="Alex Right Miss0005" x="1089" y="1961" width="546" height="524" frameX="-3" frameY="0" frameWidth="550" frameHeight="524"/>
	<SubTexture name="Alex Right Miss0006" x="1089" y="1961" width="546" height="524" frameX="-3" frameY="0" frameWidth="550" frameHeight="524"/>
	<SubTexture name="Alex Right Miss0007" x="543" y="1961" width="546" height="524" frameX="-3" frameY="0" frameWidth="550" frameHeight="524"/>
	<SubTexture name="Alex Right Miss0008" x="543" y="1961" width="546" height="524" frameX="-3" frameY="0" frameWidth="550" frameHeight="524"/>
	<SubTexture name="Alex Right Miss0009" x="1089" y="1961" width="546" height="524" frameX="-3" frameY="0" frameWidth="550" frameHeight="524"/>
	<SubTexture name="Alex Right Miss0010" x="1089" y="1961" width="546" height="524" frameX="-3" frameY="0" frameWidth="550" frameHeight="524"/>
	<SubTexture name="Alex Right Miss0011" x="543" y="1961" width="546" height="524" frameX="-3" frameY="0" frameWidth="550" frameHeight="524"/>
	<SubTexture name="Alex Right Miss0012" x="543" y="1961" width="546" height="524" frameX="-3" frameY="0" frameWidth="550" frameHeight="524"/>
	<SubTexture name="Alex Right Miss0013" x="1089" y="1961" width="546" height="524" frameX="-3" frameY="0" frameWidth="550" frameHeight="524"/>
	<SubTexture name="Alex Right Miss0014" x="1089" y="1961" width="546" height="524" frameX="-3" frameY="0" frameWidth="550" frameHeight="524"/>
	<SubTexture name="Alex Right Miss0015" x="543" y="1961" width="546" height="524" frameX="-3" frameY="0" frameWidth="550" frameHeight="524"/>
	<SubTexture name="Alex Right Miss0016" x="543" y="1961" width="546" height="524" frameX="-3" frameY="0" frameWidth="550" frameHeight="524"/>
	<SubTexture name="Alex Right Miss0017" x="1089" y="1961" width="546" height="524" frameX="-3" frameY="0" frameWidth="550" frameHeight="524"/>
	<SubTexture name="Alex Right Miss0018" x="1089" y="1961" width="546" height="524" frameX="-3" frameY="0" frameWidth="550" frameHeight="524"/>
	<SubTexture name="Alex Right Miss0019" x="543" y="1961" width="546" height="524" frameX="-3" frameY="0" frameWidth="550" frameHeight="524"/>
	<SubTexture name="Alex Right Miss0020" x="543" y="1961" width="546" height="524" frameX="-3" frameY="0" frameWidth="550" frameHeight="524"/>
	<SubTexture name="Alex Right Miss0021" x="1089" y="1961" width="546" height="524" frameX="-3" frameY="0" frameWidth="550" frameHeight="524"/>
	<SubTexture name="Alex Right Miss0022" x="1089" y="1961" width="546" height="524" frameX="-3" frameY="0" frameWidth="550" frameHeight="524"/>
	<SubTexture name="Alex Right Miss0023" x="543" y="1961" width="546" height="524" frameX="-3" frameY="0" frameWidth="550" frameHeight="524"/>
	<SubTexture name="Alex Right Miss0024" x="543" y="1961" width="546" height="524" frameX="-3" frameY="0" frameWidth="550" frameHeight="524"/>
	<SubTexture name="Alex Right Miss0025" x="1089" y="1961" width="546" height="524" frameX="-3" frameY="0" frameWidth="550" frameHeight="524"/>
	<SubTexture name="Alex Right Miss0026" x="1089" y="1961" width="546" height="524" frameX="-3" frameY="0" frameWidth="550" frameHeight="524"/>
	<SubTexture name="Alex Right Miss0027" x="543" y="1961" width="546" height="524" frameX="-3" frameY="0" frameWidth="550" frameHeight="524"/>
	<SubTexture name="Alex Right Miss0028" x="543" y="1961" width="546" height="524" frameX="-3" frameY="0" frameWidth="550" frameHeight="524"/>
	<SubTexture name="Alex Right Miss0029" x="1089" y="1961" width="546" height="524" frameX="-3" frameY="0" frameWidth="550" frameHeight="524"/>
	<SubTexture name="Alex Right Miss0030" x="1089" y="1961" width="546" height="524" frameX="-3" frameY="0" frameWidth="550" frameHeight="524"/>
	<SubTexture name="Alex Right Miss0031" x="543" y="1961" width="546" height="524" frameX="-3" frameY="0" frameWidth="550" frameHeight="524"/>
	<SubTexture name="Alex Right Miss0032" x="543" y="1961" width="546" height="524" frameX="-3" frameY="0" frameWidth="550" frameHeight="524"/>
	<SubTexture name="Alex Right Miss0033" x="1089" y="1961" width="546" height="524" frameX="-3" frameY="0" frameWidth="550" frameHeight="524"/>
	<SubTexture name="Alex Right Miss0034" x="1089" y="1961" width="546" height="524" frameX="-3" frameY="0" frameWidth="550" frameHeight="524"/>
	<SubTexture name="Alex Up0000" x="1635" y="1961" width="380" height="688"/>
	<SubTexture name="Alex Up0001" x="1635" y="1961" width="380" height="688"/>
	<SubTexture name="Alex Up0002" x="2015" y="1961" width="369" height="683" frameX="-6" frameY="-5" frameWidth="380" frameHeight="688"/>
	<SubTexture name="Alex Up0003" x="2015" y="1961" width="369" height="683" frameX="-6" frameY="-5" frameWidth="380" frameHeight="688"/>
	<SubTexture name="Alex Up0004" x="2015" y="1961" width="369" height="683" frameX="-6" frameY="-5" frameWidth="380" frameHeight="688"/>
	<SubTexture name="Alex Up0005" x="2015" y="1961" width="369" height="683" frameX="-6" frameY="-5" frameWidth="380" frameHeight="688"/>
	<SubTexture name="Alex Up0006" x="2015" y="1961" width="369" height="683" frameX="-6" frameY="-5" frameWidth="380" frameHeight="688"/>
	<SubTexture name="Alex Up0007" x="2015" y="1961" width="369" height="683" frameX="-6" frameY="-5" frameWidth="380" frameHeight="688"/>
	<SubTexture name="Alex Up0008" x="2015" y="1961" width="369" height="683" frameX="-6" frameY="-5" frameWidth="380" frameHeight="688"/>
	<SubTexture name="Alex Up0009" x="2015" y="1961" width="369" height="683" frameX="-6" frameY="-5" frameWidth="380" frameHeight="688"/>
	<SubTexture name="Alex Up0010" x="2015" y="1961" width="369" height="683" frameX="-6" frameY="-5" frameWidth="380" frameHeight="688"/>
	<SubTexture name="Alex Up0011" x="2015" y="1961" width="369" height="683" frameX="-6" frameY="-5" frameWidth="380" frameHeight="688"/>
	<SubTexture name="Alex Up0012" x="2015" y="1961" width="369" height="683" frameX="-6" frameY="-5" frameWidth="380" frameHeight="688"/>
	<SubTexture name="Alex Up0013" x="2015" y="1961" width="369" height="683" frameX="-6" frameY="-5" frameWidth="380" frameHeight="688"/>
	<SubTexture name="Alex Up0014" x="2015" y="1961" width="369" height="683" frameX="-6" frameY="-5" frameWidth="380" frameHeight="688"/>
	<SubTexture name="Alex Up0015" x="2015" y="1961" width="369" height="683" frameX="-6" frameY="-5" frameWidth="380" frameHeight="688"/>
	<SubTexture name="Alex Up Miss0000" x="2384" y="1961" width="380" height="689" frameX="-10" frameY="-4" frameWidth="401" frameHeight="693"/>
	<SubTexture name="Alex Up Miss0001" x="2764" y="1961" width="401" height="683" frameX="0" frameY="-8" frameWidth="401" frameHeight="693"/>
	<SubTexture name="Alex Up Miss0002" x="2764" y="1961" width="401" height="683" frameX="0" frameY="-8" frameWidth="401" frameHeight="693"/>
	<SubTexture name="Alex Up Miss0003" x="3165" y="1961" width="379" height="691" frameX="-11" frameY="0" frameWidth="401" frameHeight="693"/>
	<SubTexture name="Alex Up Miss0004" x="3165" y="1961" width="379" height="691" frameX="-11" frameY="0" frameWidth="401" frameHeight="693"/>
	<SubTexture name="Alex Up Miss0005" x="3544" y="1961" width="379" height="691" frameX="-11" frameY="0" frameWidth="401" frameHeight="693"/>
	<SubTexture name="Alex Up Miss0006" x="3544" y="1961" width="379" height="691" frameX="-11" frameY="0" frameWidth="401" frameHeight="693"/>
	<SubTexture name="Alex Up Miss0007" x="3165" y="1961" width="379" height="691" frameX="-11" frameY="0" frameWidth="401" frameHeight="693"/>
	<SubTexture name="Alex Up Miss0008" x="3165" y="1961" width="379" height="691" frameX="-11" frameY="0" frameWidth="401" frameHeight="693"/>
	<SubTexture name="Alex Up Miss0009" x="3544" y="1961" width="379" height="691" frameX="-11" frameY="0" frameWidth="401" frameHeight="693"/>
	<SubTexture name="Alex Up Miss0010" x="3544" y="1961" width="379" height="691" frameX="-11" frameY="0" frameWidth="401" frameHeight="693"/>
	<SubTexture name="Alex Up Miss0011" x="3165" y="1961" width="379" height="691" frameX="-11" frameY="0" frameWidth="401" frameHeight="693"/>
	<SubTexture name="Alex Up Miss0012" x="3165" y="1961" width="379" height="691" frameX="-11" frameY="0" frameWidth="401" frameHeight="693"/>
	<SubTexture name="Alex Up Miss0013" x="3544" y="1961" width="379" height="691" frameX="-11" frameY="0" frameWidth="401" frameHeight="693"/>
	<SubTexture name="Alex Up Miss0014" x="3544" y="1961" width="379" height="691" frameX="-11" frameY="0" frameWidth="401" frameHeight="693"/>
	<SubTexture name="Alex Up Miss0015" x="3165" y="1961" width="379" height="691" frameX="-11" frameY="0" frameWidth="401" frameHeight="693"/>
	<SubTexture name="Alex Up Miss0016" x="3165" y="1961" width="379" height="691" frameX="-11" frameY="0" frameWidth="401" frameHeight="693"/>
	<SubTexture name="Alex Up Miss0017" x="3544" y="1961" width="379" height="691" frameX="-11" frameY="0" frameWidth="401" frameHeight="693"/>
	<SubTexture name="Alex Up Miss0018" x="3544" y="1961" width="379" height="691" frameX="-11" frameY="0" frameWidth="401" frameHeight="693"/>
	<SubTexture name="Alex Up Miss0019" x="3165" y="1961" width="379" height="691" frameX="-11" frameY="0" frameWidth="401" frameHeight="693"/>
	<SubTexture name="Alex Up Miss0020" x="3165" y="1961" width="379" height="691" frameX="-11" frameY="0" frameWidth="401" frameHeight="693"/>
	<SubTexture name="Alex Up Miss0021" x="3544" y="1961" width="379" height="691" frameX="-11" frameY="0" frameWidth="401" frameHeight="693"/>
	<SubTexture name="Alex Up Miss0022" x="3544" y="1961" width="379" height="691" frameX="-11" frameY="0" frameWidth="401" frameHeight="693"/>
	<SubTexture name="Alex Up Miss0023" x="3165" y="1961" width="379" height="691" frameX="-11" frameY="0" frameWidth="401" frameHeight="693"/>
	<SubTexture name="Alex Up Miss0024" x="3165" y="1961" width="379" height="691" frameX="-11" frameY="0" frameWidth="401" frameHeight="693"/>
	<SubTexture name="Alex Up Miss0025" x="3544" y="1961" width="379" height="691" frameX="-11" frameY="0" frameWidth="401" frameHeight="693"/>
	<SubTexture name="Alex Up Miss0026" x="3544" y="1961" width="379" height="691" frameX="-11" frameY="0" frameWidth="401" frameHeight="693"/>
	<SubTexture name="Alex Up Miss0027" x="3165" y="1961" width="379" height="691" frameX="-11" frameY="0" frameWidth="401" frameHeight="693"/>
	<SubTexture name="Alex Up Miss0028" x="3165" y="1961" width="379" height="691" frameX="-11" frameY="0" frameWidth="401" frameHeight="693"/>
	<SubTexture name="Alex Up Miss0029" x="3544" y="1961" width="379" height="691" frameX="-11" frameY="0" frameWidth="401" frameHeight="693"/>
	<SubTexture name="Alex Up Miss0030" x="3544" y="1961" width="379" height="691" frameX="-11" frameY="0" frameWidth="401" frameHeight="693"/>
	<SubTexture name="Alex Up Miss0031" x="3165" y="1961" width="379" height="691" frameX="-11" frameY="0" frameWidth="401" frameHeight="693"/>
	<SubTexture name="Alex Up Miss0032" x="3165" y="1961" width="379" height="691" frameX="-11" frameY="0" frameWidth="401" frameHeight="693"/>
	<SubTexture name="Alex Up Miss0033" x="3544" y="1961" width="379" height="691" frameX="-11" frameY="0" frameWidth="401" frameHeight="693"/>
	<SubTexture name="Alex Up Miss0034" x="3544" y="1961" width="379" height="691" frameX="-11" frameY="0" frameWidth="401" frameHeight="693"/>
	<SubTexture name="Alex shivering0000" x="0" y="2652" width="277" height="592" frameX="-7" frameY="-2" frameWidth="287" frameHeight="594"/>
	<SubTexture name="Alex shivering0001" x="277" y="2652" width="287" height="591" frameX="0" frameY="-3" frameWidth="287" frameHeight="594"/>
	<SubTexture name="Alex shivering0002" x="564" y="2652" width="275" height="592" frameX="-6" frameY="-2" frameWidth="287" frameHeight="594"/>
	<SubTexture name="Alex shivering0003" x="839" y="2652" width="286" height="594" frameX="0" frameY="0" frameWidth="287" frameHeight="594"/>
</TextureAtlas>
